{
  "BCF": {
    "mean": 1.063386062982108,
    "std": 0.7179079117106836
  },
  "Caco-2": {
    "mean": -4.907917048652105,
    "std": 0.4398715392523445
  },
  "CL": {
    "mean": 5.89681293975778,
    "std": 2.430242350899704
  },
  "Fu": {
    "mean": 1.0184782567471407,
    "std": 0.6094195625439822
  },
  "IGC50": {
    "mean": 3.6671458865396955,
    "std": 0.8481957459470408
  },
  "LC50": {
    "mean": 4.435326909224718,
    "std": 1.030544179321926
  },
  "LC50DM": {
    "mean": 5.091091902874084,
    "std": 0.9660876654386611
  },
  "LogD": {
    "mean": 2.2191040384394585,
    "std": 1.4255514128890259
  },
  "LogP": {
    "mean": 2.561479804433825,
    "std": 1.7373653863114547
  },
  "LogS": {
    "mean": -3.419647987039705,
    "std": 1.611728410249339
  },
  "MDCK": {
    "mean": -4.706245875938646,
    "std": 0.2554609926618022
  },
  "PPB": {
    "mean": 0.7631884405534496,
    "std": 0.26768897487019977
  },
  "VDss": {
    "mean": 1.3850180900375342,
    "std": 0.8688809666447375
  }
}