{"BCF": {"mean": 1.188660449018822, "std": 0.6345672447304683}, "Caco-2": {"mean": -5.05702271752372, "std": 0.41167543223895464}, "CL": {"mean": 5.664599668216175, "std": 2.378700177700246}, "Fu": {"mean": 1.3797779426442958, "std": 0.5732994562953961}, "IGC50": {"mean": 4.090812935991969, "std": 0.7065353712463646}, "LC50": {"mean": 4.969730513166359, "std": 0.855939288885297}, "LC50DM": {"mean": 5.577794445517844, "std": 0.747697110596561}, "LogD": {"mean": 2.876311680217069, "std": 1.1712617531107705}, "LogP": {"mean": 3.277724183338233, "std": 1.5381880910570016}, "LogS": {"mean": -4.357002125136133, "std": 1.2767896998434685}, "MDCK": {"mean": -4.80717059577725, "std": 0.2621614072749097}, "PPB": {"mean": 0.8849663152228412, "std": 0.1774944526997275}, "VDss": {"mean": 1.3722913982073681, "std": 0.8499086609126656}, "MW": {"mean": 430.5337715327111, "std": 94.20205437971012}, "TPSA": {"mean": 86.58057038252267, "std": 37.795837433316606}}